"Date","Day Traded","UPRO","TECS","EEM","SOXL","TMF","EPI","YCS","EWZ","$USD","UUP","DBC","SHY","ERX","TECL","SPXS","TQQQ","EFA","SOXS","VIXY","EUO","UVXY","UCO","TMV","SQQQ","AGG"
"2022-10-21","Yes","-","-","-","-","-","-","-","-","-","-","-","-","-","-","-","-","-","-","-","-","-","-","100.0%","-","-"
"2022-10-20","No","-","-","-","100.0%","-","-","-","-","-","-","-","-","-","-","-","-","-","-","-","-","-","-","-","-","-"
"2022-10-19","No","-","-","-","100.0%","-","-","-","-","-","-","-","-","-","-","-","-","-","-","-","-","-","-","-","-","-"
"2022-10-18","No","-","-","-","100.0%","-","-","-","-","-","-","-","-","-","-","-","-","-","-","-","-","-","-","-","-","-"
"2022-10-17","Yes","-","-","-","100.0%","-","-","-","-","-","-","-","-","-","-","-","-","-","-","-","-","-","-","-","-","-"
"2022-10-14","No","-","-","-","-","-","-","-","-","-","-","-","-","-","-","-","-","-","100.0%","-","-","-","-","-","-","-"
"2022-10-13","Yes","-","-","-","-","-","-","-","-","-","-","-","-","-","-","-","-","-","100.0%","-","-","-","-","-","-","-"
"2022-10-12","No","100.0%","-","-","-","-","-","-","-","-","-","-","-","-","-","-","-","-","-","-","-","-","-","-","-","-"
"2022-10-11","Yes","100.0%","-","-","-","-","-","-","-","-","-","-","-","-","-","-","-","-","-","-","-","-","-","-","-","-"
"2022-10-10","Yes","-","-","-","-","-","-","-","-","-","-","-","-","-","-","100.0%","-","-","-","-","-","-","-","-","-","-"
"2022-10-07","Yes","-","-","-","-","-","-","-","-","-","-","-","-","-","-","-","-","-","100.0%","-","-","-","-","-","-","-"
"2022-10-06","Yes","-","-","-","-","-","-","-","-","-","-","-","-","-","-","-","-","-","-","-","-","-","-","100.0%","-","-"
"2022-10-05","No","-","-","-","100.0%","-","-","-","-","-","-","-","-","-","-","-","-","-","-","-","-","-","-","-","-","-"
"2022-10-04","No","-","-","-","100.0%","-","-","-","-","-","-","-","-","-","-","-","-","-","-","-","-","-","-","-","-","-"
"2022-10-03","Yes","-","-","-","100.0%","-","-","-","-","-","-","-","-","-","-","-","-","-","-","-","-","-","-","-","-","-"
"2022-09-30","Yes","-","-","-","-","-","-","-","-","-","-","-","-","-","100.0%","-","-","-","-","-","-","-","-","-","-","-"
"2022-09-29","Yes","-","-","-","100.0%","-","-","-","-","-","-","-","-","-","-","-","-","-","-","-","-","-","-","-","-","-"
"2022-09-28","No","-","-","-","-","-","-","-","-","-","-","-","-","-","-","-","-","-","100.0%","-","-","-","-","-","-","-"
"2022-09-27","Yes","-","-","-","-","-","-","-","-","-","-","-","-","-","-","-","-","-","100.0%","-","-","-","-","-","-","-"
"2022-09-26","Yes","-","-","-","-","-","-","-","-","-","-","-","-","-","-","-","-","-","-","-","-","-","-","-","100.0%","-"
"2022-09-23","Yes","-","-","-","-","-","-","-","-","-","-","-","-","-","-","-","-","-","100.0%","-","-","-","-","-","-","-"
"2022-09-22","Yes","-","-","-","-","-","-","-","-","-","-","-","-","-","-","-","-","-","-","-","-","-","-","-","100.0%","-"
"2022-09-21","Yes","-","-","-","-","-","-","-","-","-","-","-","-","-","-","-","-","-","100.0%","-","-","-","-","-","-","-"
"2022-09-20","No","-","-","-","-","-","-","-","-","-","-","-","-","-","-","-","-","-","-","-","-","-","-","-","100.0%","-"
"2022-09-19","Yes","-","-","-","-","-","-","-","-","-","-","-","-","-","-","-","-","-","-","-","-","-","-","-","100.0%","-"
"2022-09-16","Yes","-","-","-","-","-","-","-","-","-","-","-","-","100.0%","-","-","-","-","-","-","-","-","-","-","-","-"
"2022-09-15","No","-","-","-","-","-","-","-","-","-","-","-","-","-","-","-","-","-","100.0%","-","-","-","-","-","-","-"
"2022-09-14","Yes","-","-","-","-","-","-","-","-","-","-","-","-","-","-","-","-","-","100.0%","-","-","-","-","-","-","-"
"2022-09-13","Yes","-","-","-","-","-","-","-","-","-","-","-","-","-","-","100.0%","-","-","-","-","-","-","-","-","-","-"
"2022-09-12","No","-","-","-","-","-","-","-","-","-","-","-","-","-","-","-","-","-","-","-","-","-","-","100.0%","-","-"
"2022-09-09","Yes","-","-","-","-","-","-","-","-","-","-","-","-","-","-","-","-","-","-","-","-","-","-","100.0%","-","-"
"2022-09-08","Yes","-","-","-","100.0%","-","-","-","-","-","-","-","-","-","-","-","-","-","-","-","-","-","-","-","-","-"
"2022-09-07","Yes","-","-","-","-","-","-","-","-","-","-","-","-","-","-","-","-","-","100.0%","-","-","-","-","-","-","-"
"2022-09-06","No","-","-","-","-","-","-","-","-","-","-","-","-","-","100.0%","-","-","-","-","-","-","-","-","-","-","-"
"2022-09-02","Yes","-","-","-","-","-","-","-","-","-","-","-","-","-","100.0%","-","-","-","-","-","-","-","-","-","-","-"
"2022-09-01","Yes","-","-","-","-","-","-","-","-","-","-","-","-","-","-","-","-","-","100.0%","-","-","-","-","-","-","-"
"2022-08-31","Yes","-","-","-","-","-","-","-","-","-","-","-","-","-","100.0%","-","-","-","-","-","-","-","-","-","-","-"
"2022-08-30","Yes","-","-","-","-","-","-","-","-","-","-","-","-","-","-","-","-","-","100.0%","-","-","-","-","-","-","-"
"2022-08-29","Yes","-","-","-","-","-","-","-","-","-","-","-","-","-","-","100.0%","-","-","-","-","-","-","-","-","-","-"
"2022-08-26","Yes","-","-","-","-","-","-","-","-","-","-","-","-","100.0%","-","-","-","-","-","-","-","-","-","-","-","-"
"2022-08-25","No","-","-","-","-","-","-","-","-","-","-","-","-","-","-","-","-","-","-","-","-","-","-","-","100.0%","-"
"2022-08-24","Yes","-","-","-","-","-","-","-","-","-","-","-","-","-","-","-","-","-","-","-","-","-","-","-","100.0%","-"
"2022-08-23","Yes","-","-","-","-","-","-","-","-","-","-","-","-","-","-","100.0%","-","-","-","-","-","-","-","-","-","-"
"2022-08-22","Yes","-","-","-","-","-","-","-","-","-","-","-","-","100.0%","-","-","-","-","-","-","-","-","-","-","-","-"
"2022-08-19","Yes","-","-","-","-","-","-","-","-","-","-","-","-","-","-","-","-","-","100.0%","-","-","-","-","-","-","-"
"2022-08-18","Yes","-","-","-","-","-","-","-","-","-","-","-","-","-","-","-","-","-","-","-","-","-","-","100.0%","-","-"
"2022-08-17","No","-","-","-","-","100.0%","-","-","-","-","-","-","-","-","-","-","-","-","-","-","-","-","-","-","-","-"
"2022-08-16","No","-","-","-","-","100.0%","-","-","-","-","-","-","-","-","-","-","-","-","-","-","-","-","-","-","-","-"
"2022-08-15","Yes","-","-","-","-","100.0%","-","-","-","-","-","-","-","-","-","-","-","-","-","-","-","-","-","-","-","-"
"2022-08-12","No","-","-","-","100.0%","-","-","-","-","-","-","-","-","-","-","-","-","-","-","-","-","-","-","-","-","-"
"2022-08-11","No","-","-","-","100.0%","-","-","-","-","-","-","-","-","-","-","-","-","-","-","-","-","-","-","-","-","-"
"2022-08-10","Yes","-","-","-","100.0%","-","-","-","-","-","-","-","-","-","-","-","-","-","-","-","-","-","-","-","-","-"
"2022-08-09","Yes","-","-","-","-","-","-","-","-","-","-","-","-","-","-","-","-","-","-","-","-","-","-","-","-","100.0%"
"2022-08-08","No","-","-","-","-","100.0%","-","-","-","-","-","-","-","-","-","-","-","-","-","-","-","-","-","-","-","-"
"2022-08-05","Yes","-","-","-","-","100.0%","-","-","-","-","-","-","-","-","-","-","-","-","-","-","-","-","-","-","-","-"
"2022-08-04","No","-","-","-","100.0%","-","-","-","-","-","-","-","-","-","-","-","-","-","-","-","-","-","-","-","-","-"
"2022-08-03","No","-","-","-","100.0%","-","-","-","-","-","-","-","-","-","-","-","-","-","-","-","-","-","-","-","-","-"
"2022-08-02","Yes","-","-","-","100.0%","-","-","-","-","-","-","-","-","-","-","-","-","-","-","-","-","-","-","-","-","-"
"2022-08-01","Yes","-","-","-","-","-","-","-","-","-","-","-","-","-","-","-","-","-","-","-","-","100.0%","-","-","-","-"
"2022-07-29","Yes","-","-","-","-","-","-","-","-","-","-","-","-","-","-","-","-","-","-","100.0%","-","-","-","-","-","-"
"2022-07-28","No","-","-","-","100.0%","-","-","-","-","-","-","-","-","-","-","-","-","-","-","-","-","-","-","-","-","-"
"2022-07-27","No","-","-","-","100.0%","-","-","-","-","-","-","-","-","-","-","-","-","-","-","-","-","-","-","-","-","-"
"2022-07-26","No","-","-","-","100.0%","-","-","-","-","-","-","-","-","-","-","-","-","-","-","-","-","-","-","-","-","-"
"2022-07-25","Yes","-","-","-","100.0%","-","-","-","-","-","-","-","-","-","-","-","-","-","-","-","-","-","-","-","-","-"
"2022-07-22","No","-","-","-","-","-","-","-","100.0%","-","-","-","-","-","-","-","-","-","-","-","-","-","-","-","-","-"
"2022-07-21","Yes","-","-","-","-","-","-","-","100.0%","-","-","-","-","-","-","-","-","-","-","-","-","-","-","-","-","-"
"2022-07-20","No","-","-","-","100.0%","-","-","-","-","-","-","-","-","-","-","-","-","-","-","-","-","-","-","-","-","-"
"2022-07-19","No","-","-","-","100.0%","-","-","-","-","-","-","-","-","-","-","-","-","-","-","-","-","-","-","-","-","-"
"2022-07-18","No","-","-","-","100.0%","-","-","-","-","-","-","-","-","-","-","-","-","-","-","-","-","-","-","-","-","-"
"2022-07-15","No","-","-","-","100.0%","-","-","-","-","-","-","-","-","-","-","-","-","-","-","-","-","-","-","-","-","-"
"2022-07-14","No","-","-","-","100.0%","-","-","-","-","-","-","-","-","-","-","-","-","-","-","-","-","-","-","-","-","-"
"2022-07-13","No","-","-","-","100.0%","-","-","-","-","-","-","-","-","-","-","-","-","-","-","-","-","-","-","-","-","-"
"2022-07-12","No","-","-","-","100.0%","-","-","-","-","-","-","-","-","-","-","-","-","-","-","-","-","-","-","-","-","-"
"2022-07-11","No","-","-","-","100.0%","-","-","-","-","-","-","-","-","-","-","-","-","-","-","-","-","-","-","-","-","-"
"2022-07-08","No","-","-","-","100.0%","-","-","-","-","-","-","-","-","-","-","-","-","-","-","-","-","-","-","-","-","-"
"2022-07-07","No","-","-","-","100.0%","-","-","-","-","-","-","-","-","-","-","-","-","-","-","-","-","-","-","-","-","-"
"2022-07-06","No","-","-","-","100.0%","-","-","-","-","-","-","-","-","-","-","-","-","-","-","-","-","-","-","-","-","-"
"2022-07-05","No","-","-","-","100.0%","-","-","-","-","-","-","-","-","-","-","-","-","-","-","-","-","-","-","-","-","-"
"2022-07-01","Yes","-","-","-","100.0%","-","-","-","-","-","-","-","-","-","-","-","-","-","-","-","-","-","-","-","-","-"
"2022-06-30","Yes","-","-","-","-","-","-","-","-","-","-","-","-","-","-","-","-","-","100.0%","-","-","-","-","-","-","-"
"2022-06-29","Yes","-","100.0%","-","-","-","-","-","-","-","-","-","-","-","-","-","-","-","-","-","-","-","-","-","-","-"
"2022-06-28","Yes","-","-","-","-","-","-","-","-","-","-","-","-","-","-","100.0%","-","-","-","-","-","-","-","-","-","-"
"2022-06-27","Yes","-","-","-","-","-","-","-","-","-","-","-","-","-","-","-","-","-","-","-","-","-","-","100.0%","-","-"
"2022-06-24","No","-","-","-","100.0%","-","-","-","-","-","-","-","-","-","-","-","-","-","-","-","-","-","-","-","-","-"
"2022-06-23","Yes","-","-","-","100.0%","-","-","-","-","-","-","-","-","-","-","-","-","-","-","-","-","-","-","-","-","-"
"2022-06-22","Yes","-","-","-","-","-","-","-","-","-","-","-","-","-","-","-","-","-","-","-","-","-","-","100.0%","-","-"
"2022-06-21","Yes","-","-","-","-","-","-","-","-","-","-","-","-","-","-","-","-","-","100.0%","-","-","-","-","-","-","-"
"2022-06-17","No","-","-","-","100.0%","-","-","-","-","-","-","-","-","-","-","-","-","-","-","-","-","-","-","-","-","-"
"2022-06-16","Yes","-","-","-","100.0%","-","-","-","-","-","-","-","-","-","-","-","-","-","-","-","-","-","-","-","-","-"
"2022-06-15","No","-","-","-","-","-","-","-","-","-","-","-","-","-","-","-","-","-","100.0%","-","-","-","-","-","-","-"
"2022-06-14","No","-","-","-","-","-","-","-","-","-","-","-","-","-","-","-","-","-","100.0%","-","-","-","-","-","-","-"
"2022-06-13","No","-","-","-","-","-","-","-","-","-","-","-","-","-","-","-","-","-","100.0%","-","-","-","-","-","-","-"
"2022-06-10","No","-","-","-","-","-","-","-","-","-","-","-","-","-","-","-","-","-","100.0%","-","-","-","-","-","-","-"
"2022-06-09","Yes","-","-","-","-","-","-","-","-","-","-","-","-","-","-","-","-","-","100.0%","-","-","-","-","-","-","-"
"2022-06-08","Yes","-","-","-","-","-","-","100.0%","-","-","-","-","-","-","-","-","-","-","-","-","-","-","-","-","-","-"
"2022-06-07","Yes","-","-","-","-","-","-","-","-","-","-","-","-","-","100.0%","-","-","-","-","-","-","-","-","-","-","-"
"2022-06-06","Yes","-","-","-","-","-","-","-","-","-","-","-","-","-","-","-","100.0%","-","-","-","-","-","-","-","-","-"
"2022-06-03","Yes","-","-","-","100.0%","-","-","-","-","-","-","-","-","-","-","-","-","-","-","-","-","-","-","-","-","-"
"2022-06-02","Yes","-","-","-","-","-","-","-","-","-","-","-","-","-","-","-","-","-","-","-","-","-","-","100.0%","-","-"
"2022-06-01","Yes","-","-","-","100.0%","-","-","-","-","-","-","-","-","-","-","-","-","-","-","-","-","-","-","-","-","-"
"2022-05-31","Yes","-","-","-","-","-","-","100.0%","-","-","-","-","-","-","-","-","-","-","-","-","-","-","-","-","-","-"
"2022-05-27","Yes","-","-","-","100.0%","-","-","-","-","-","-","-","-","-","-","-","-","-","-","-","-","-","-","-","-","-"
"2022-05-26","Yes","-","-","-","-","-","-","-","100.0%","-","-","-","-","-","-","-","-","-","-","-","-","-","-","-","-","-"
"2022-05-25","No","-","-","-","100.0%","-","-","-","-","-","-","-","-","-","-","-","-","-","-","-","-","-","-","-","-","-"
"2022-05-24","Yes","-","-","-","100.0%","-","-","-","-","-","-","-","-","-","-","-","-","-","-","-","-","-","-","-","-","-"
"2022-05-23","No","-","-","-","-","-","-","-","100.0%","-","-","-","-","-","-","-","-","-","-","-","-","-","-","-","-","-"
"2022-05-20","No","-","-","-","-","-","-","-","100.0%","-","-","-","-","-","-","-","-","-","-","-","-","-","-","-","-","-"
"2022-05-19","No","-","-","-","-","-","-","-","100.0%","-","-","-","-","-","-","-","-","-","-","-","-","-","-","-","-","-"
"2022-05-18","No","-","-","-","-","-","-","-","100.0%","-","-","-","-","-","-","-","-","-","-","-","-","-","-","-","-","-"
"2022-05-17","Yes","-","-","-","-","-","-","-","100.0%","-","-","-","-","-","-","-","-","-","-","-","-","-","-","-","-","-"
"2022-05-16","Yes","-","-","-","100.0%","-","-","-","-","-","-","-","-","-","-","-","-","-","-","-","-","-","-","-","-","-"
"2022-05-13","Yes","-","100.0%","-","-","-","-","-","-","-","-","-","-","-","-","-","-","-","-","-","-","-","-","-","-","-"
"2022-05-12","Yes","-","-","-","-","-","-","-","-","-","-","-","-","-","100.0%","-","-","-","-","-","-","-","-","-","-","-"
"2022-05-11","Yes","-","-","-","100.0%","-","-","-","-","-","-","-","-","-","-","-","-","-","-","-","-","-","-","-","-","-"
"2022-05-10","No","-","100.0%","-","-","-","-","-","-","-","-","-","-","-","-","-","-","-","-","-","-","-","-","-","-","-"
"2022-05-09","Yes","-","100.0%","-","-","-","-","-","-","-","-","-","-","-","-","-","-","-","-","-","-","-","-","-","-","-"
"2022-05-06","No","-","-","-","-","-","-","-","-","-","-","-","-","-","-","-","-","-","-","-","-","-","-","100.0%","-","-"
"2022-05-05","No","-","-","-","-","-","-","-","-","-","-","-","-","-","-","-","-","-","-","-","-","-","-","100.0%","-","-"
"2022-05-04","No","-","-","-","-","-","-","-","-","-","-","-","-","-","-","-","-","-","-","-","-","-","-","100.0%","-","-"
"2022-05-03","No","-","-","-","-","-","-","-","-","-","-","-","-","-","-","-","-","-","-","-","-","-","-","100.0%","-","-"
"2022-05-02","Yes","-","-","-","-","-","-","-","-","-","-","-","-","-","-","-","-","-","-","-","-","-","-","100.0%","-","-"
"2022-04-29","Yes","-","-","-","-","-","-","-","-","-","-","-","-","-","-","-","-","-","-","-","100.0%","-","-","-","-","-"
"2022-04-28","Yes","-","-","-","-","-","-","-","-","-","-","-","-","-","-","-","-","-","100.0%","-","-","-","-","-","-","-"
"2022-04-27","No","-","-","-","100.0%","-","-","-","-","-","-","-","-","-","-","-","-","-","-","-","-","-","-","-","-","-"
"2022-04-26","Yes","-","-","-","100.0%","-","-","-","-","-","-","-","-","-","-","-","-","-","-","-","-","-","-","-","-","-"
"2022-04-25","Yes","-","-","-","-","-","-","-","-","-","-","-","-","-","-","-","-","-","-","-","-","-","100.0%","-","-","-"
"2022-04-22","Yes","-","-","-","-","-","-","-","-","-","-","-","-","-","-","-","-","-","100.0%","-","-","-","-","-","-","-"
"2022-04-21","Yes","-","-","100.0%","-","-","-","-","-","-","-","-","-","-","-","-","-","-","-","-","-","-","-","-","-","-"
"2022-04-20","No","-","-","-","-","-","-","-","-","-","-","-","-","-","-","-","-","-","100.0%","-","-","-","-","-","-","-"
"2022-04-19","Yes","-","-","-","-","-","-","-","-","-","-","-","-","-","-","-","-","-","100.0%","-","-","-","-","-","-","-"
"2022-04-18","Yes","-","-","-","-","-","-","-","-","-","-","-","-","-","-","-","-","100.0%","-","-","-","-","-","-","-","-"
"2022-04-14","No","-","-","100.0%","-","-","-","-","-","-","-","-","-","-","-","-","-","-","-","-","-","-","-","-","-","-"
"2022-04-13","No","-","-","100.0%","-","-","-","-","-","-","-","-","-","-","-","-","-","-","-","-","-","-","-","-","-","-"
"2022-04-12","Yes","-","-","100.0%","-","-","-","-","-","-","-","-","-","-","-","-","-","-","-","-","-","-","-","-","-","-"
"2022-04-11","Yes","-","-","-","-","-","-","-","-","-","-","-","-","-","-","-","-","-","-","-","-","-","100.0%","-","-","-"
"2022-04-08","Yes","-","-","100.0%","-","-","-","-","-","-","-","-","-","-","-","-","-","-","-","-","-","-","-","-","-","-"
"2022-04-07","Yes","-","-","-","-","-","-","-","-","-","-","-","-","-","-","-","-","100.0%","-","-","-","-","-","-","-","-"
"2022-04-06","Yes","-","-","-","-","-","-","-","-","-","-","-","-","-","-","-","-","-","-","-","-","-","100.0%","-","-","-"
"2022-04-05","Yes","-","-","-","-","-","-","-","-","-","-","-","-","-","-","-","-","100.0%","-","-","-","-","-","-","-","-"
"2022-04-04","Yes","-","-","-","-","-","-","-","-","-","-","-","-","-","-","-","-","-","-","-","-","-","-","100.0%","-","-"
"2022-04-01","No","-","-","-","-","-","-","-","-","-","-","-","-","-","-","-","-","-","-","-","-","-","100.0%","-","-","-"
"2022-03-31","Yes","-","-","-","-","-","-","-","-","-","-","-","-","-","-","-","-","-","-","-","-","-","100.0%","-","-","-"
"2022-03-30","No","-","-","-","-","-","-","-","-","-","-","-","-","-","-","-","-","-","100.0%","-","-","-","-","-","-","-"
"2022-03-29","Yes","-","-","-","-","-","-","-","-","-","-","-","-","-","-","-","-","-","100.0%","-","-","-","-","-","-","-"
"2022-03-28","Yes","-","-","-","-","-","-","-","-","-","-","-","-","-","-","-","-","-","-","-","-","-","100.0%","-","-","-"
"2022-03-25","No","-","-","-","-","-","-","-","-","-","-","-","-","-","-","-","-","-","100.0%","-","-","-","-","-","-","-"
"2022-03-24","Yes","-","-","-","-","-","-","-","-","-","-","-","-","-","-","-","-","-","100.0%","-","-","-","-","-","-","-"
"2022-03-23","Yes","-","-","-","-","-","-","-","-","-","-","-","-","-","-","100.0%","-","-","-","-","-","-","-","-","-","-"
"2022-03-22","No","-","-","-","-","-","-","-","-","-","-","100.0%","-","-","-","-","-","-","-","-","-","-","-","-","-","-"
"2022-03-21","No","-","-","-","-","-","-","-","-","-","-","100.0%","-","-","-","-","-","-","-","-","-","-","-","-","-","-"
"2022-03-18","No","-","-","-","-","-","-","-","-","-","-","100.0%","-","-","-","-","-","-","-","-","-","-","-","-","-","-"
"2022-03-17","No","-","-","-","-","-","-","-","-","-","-","100.0%","-","-","-","-","-","-","-","-","-","-","-","-","-","-"
"2022-03-16","Yes","-","-","-","-","-","-","-","-","-","-","100.0%","-","-","-","-","-","-","-","-","-","-","-","-","-","-"
"2022-03-15","No","-","-","-","-","-","-","-","-","-","-","-","-","-","-","-","-","-","-","-","-","-","-","100.0%","-","-"
"2022-03-14","Yes","-","-","-","-","-","-","-","-","-","-","-","-","-","-","-","-","-","-","-","-","-","-","100.0%","-","-"
"2022-03-11","Yes","-","-","-","100.0%","-","-","-","-","-","-","-","-","-","-","-","-","-","-","-","-","-","-","-","-","-"
"2022-03-10","No","-","-","-","-","-","-","-","-","-","-","-","-","-","-","-","-","-","-","-","-","-","-","100.0%","-","-"
"2022-03-09","Yes","-","-","-","-","-","-","-","-","-","-","-","-","-","-","-","-","-","-","-","-","-","-","100.0%","-","-"
"2022-03-08","Yes","-","-","-","-","-","-","-","-","-","-","-","-","-","100.0%","-","-","-","-","-","-","-","-","-","-","-"
"2022-03-07","Yes","-","-","-","-","-","100.0%","-","-","-","-","-","-","-","-","-","-","-","-","-","-","-","-","-","-","-"
"2022-03-04","Yes","-","-","-","100.0%","-","-","-","-","-","-","-","-","-","-","-","-","-","-","-","-","-","-","-","-","-"
"2022-03-03","Yes","-","-","-","-","-","-","-","100.0%","-","-","-","-","-","-","-","-","-","-","-","-","-","-","-","-","-"
"2022-03-02","No","-","-","-","100.0%","-","-","-","-","-","-","-","-","-","-","-","-","-","-","-","-","-","-","-","-","-"
"2022-03-01","No","-","-","-","100.0%","-","-","-","-","-","-","-","-","-","-","-","-","-","-","-","-","-","-","-","-","-"
"2022-02-28","No","-","-","-","100.0%","-","-","-","-","-","-","-","-","-","-","-","-","-","-","-","-","-","-","-","-","-"
"2022-02-25","No","-","-","-","100.0%","-","-","-","-","-","-","-","-","-","-","-","-","-","-","-","-","-","-","-","-","-"
"2022-02-24","Yes","-","-","-","100.0%","-","-","-","-","-","-","-","-","-","-","-","-","-","-","-","-","-","-","-","-","-"
"2022-02-23","Yes","-","-","-","-","-","-","-","-","-","-","-","-","-","100.0%","-","-","-","-","-","-","-","-","-","-","-"
"2022-02-22","No","-","100.0%","-","-","-","-","-","-","-","-","-","-","-","-","-","-","-","-","-","-","-","-","-","-","-"
"2022-02-18","Yes","-","100.0%","-","-","-","-","-","-","-","-","-","-","-","-","-","-","-","-","-","-","-","-","-","-","-"
"2022-02-17","Yes","-","-","-","100.0%","-","-","-","-","-","-","-","-","-","-","-","-","-","-","-","-","-","-","-","-","-"
"2022-02-16","Yes","-","100.0%","-","-","-","-","-","-","-","-","-","-","-","-","-","-","-","-","-","-","-","-","-","-","-"
"2022-02-15","Yes","-","-","-","-","-","-","-","-","-","-","-","-","-","-","-","-","-","-","-","-","-","-","100.0%","-","-"
"2022-02-14","No","-","-","-","100.0%","-","-","-","-","-","-","-","-","-","-","-","-","-","-","-","-","-","-","-","-","-"
"2022-02-11","Yes","-","-","-","100.0%","-","-","-","-","-","-","-","-","-","-","-","-","-","-","-","-","-","-","-","-","-"
"2022-02-10","No","-","-","-","-","-","-","-","-","-","-","-","-","-","-","-","-","-","-","-","-","-","-","100.0%","-","-"
"2022-02-09","No","-","-","-","-","-","-","-","-","-","-","-","-","-","-","-","-","-","-","-","-","-","-","100.0%","-","-"
"2022-02-08","No","-","-","-","-","-","-","-","-","-","-","-","-","-","-","-","-","-","-","-","-","-","-","100.0%","-","-"
"2022-02-07","No","-","-","-","-","-","-","-","-","-","-","-","-","-","-","-","-","-","-","-","-","-","-","100.0%","-","-"
"2022-02-04","No","-","-","-","-","-","-","-","-","-","-","-","-","-","-","-","-","-","-","-","-","-","-","100.0%","-","-"
"2022-02-03","Yes","-","-","-","-","-","-","-","-","-","-","-","-","-","-","-","-","-","-","-","-","-","-","100.0%","-","-"
"2022-02-02","No","-","-","-","-","-","-","-","100.0%","-","-","-","-","-","-","-","-","-","-","-","-","-","-","-","-","-"
"2022-02-01","No","-","-","-","-","-","-","-","100.0%","-","-","-","-","-","-","-","-","-","-","-","-","-","-","-","-","-"
"2022-01-31","Yes","-","-","-","-","-","-","-","100.0%","-","-","-","-","-","-","-","-","-","-","-","-","-","-","-","-","-"
"2022-01-28","Yes","-","-","-","100.0%","-","-","-","-","-","-","-","-","-","-","-","-","-","-","-","-","-","-","-","-","-"
"2022-01-27","Yes","-","-","-","-","-","-","-","-","-","-","-","-","-","100.0%","-","-","-","-","-","-","-","-","-","-","-"
"2022-01-26","Yes","-","-","-","-","-","-","-","-","-","-","-","-","-","-","-","-","-","100.0%","-","-","-","-","-","-","-"
"2022-01-25","Yes","-","-","-","100.0%","-","-","-","-","-","-","-","-","-","-","-","-","-","-","-","-","-","-","-","-","-"
"2022-01-24","Yes","-","-","-","-","-","-","-","-","-","-","-","-","-","100.0%","-","-","-","-","-","-","-","-","-","-","-"
"2022-01-21","Yes","-","-","-","100.0%","-","-","-","-","-","-","-","-","-","-","-","-","-","-","-","-","-","-","-","-","-"
"2022-01-20","No","-","-","-","-","-","-","-","-","-","-","-","-","-","-","-","-","-","100.0%","-","-","-","-","-","-","-"
"2022-01-19","No","-","-","-","-","-","-","-","-","-","-","-","-","-","-","-","-","-","100.0%","-","-","-","-","-","-","-"
"2022-01-18","No","-","-","-","-","-","-","-","-","-","-","-","-","-","-","-","-","-","100.0%","-","-","-","-","-","-","-"
"2022-01-14","Yes","-","-","-","-","-","-","-","-","-","-","-","-","-","-","-","-","-","100.0%","-","-","-","-","-","-","-"
"2022-01-13","No","-","-","-","-","-","-","-","100.0%","-","-","-","-","-","-","-","-","-","-","-","-","-","-","-","-","-"
"2022-01-12","Yes","-","-","-","-","-","-","-","100.0%","-","-","-","-","-","-","-","-","-","-","-","-","-","-","-","-","-"
"2022-01-11","No","-","100.0%","-","-","-","-","-","-","-","-","-","-","-","-","-","-","-","-","-","-","-","-","-","-","-"
"2022-01-10","No","-","100.0%","-","-","-","-","-","-","-","-","-","-","-","-","-","-","-","-","-","-","-","-","-","-","-"
"2022-01-07","No","-","100.0%","-","-","-","-","-","-","-","-","-","-","-","-","-","-","-","-","-","-","-","-","-","-","-"
"2022-01-06","No","-","100.0%","-","-","-","-","-","-","-","-","-","-","-","-","-","-","-","-","-","-","-","-","-","-","-"
"2022-01-05","Yes","-","100.0%","-","-","-","-","-","-","-","-","-","-","-","-","-","-","-","-","-","-","-","-","-","-","-"
"2022-01-04","Yes","-","-","-","-","-","-","-","-","-","-","-","-","-","-","-","-","-","-","-","-","-","-","100.0%","-","-"
"2022-01-03","Yes","-","-","-","-","-","-","-","-","-","-","-","-","-","100.0%","-","-","-","-","-","-","-","-","-","-","-"
"2021-12-31","Yes","-","-","-","-","-","-","-","-","-","-","-","-","-","-","-","100.0%","-","-","-","-","-","-","-","-","-"
"2021-12-30","No","-","-","-","-","-","-","-","-","-","-","-","-","-","-","-","-","-","-","-","-","-","-","100.0%","-","-"
"2021-12-29","Yes","-","-","-","-","-","-","-","-","-","-","-","-","-","-","-","-","-","-","-","-","-","-","100.0%","-","-"
"2021-12-28","Yes","-","-","-","100.0%","-","-","-","-","-","-","-","-","-","-","-","-","-","-","-","-","-","-","-","-","-"
"2021-12-27","Yes","-","-","-","-","-","-","-","-","-","-","-","-","-","-","-","-","-","-","-","-","-","-","100.0%","-","-"
"2021-12-23","No","-","-","-","100.0%","-","-","-","-","-","-","-","-","-","-","-","-","-","-","-","-","-","-","-","-","-"
"2021-12-22","No","-","-","-","100.0%","-","-","-","-","-","-","-","-","-","-","-","-","-","-","-","-","-","-","-","-","-"
"2021-12-21","No","-","-","-","100.0%","-","-","-","-","-","-","-","-","-","-","-","-","-","-","-","-","-","-","-","-","-"
"2021-12-20","No","-","-","-","100.0%","-","-","-","-","-","-","-","-","-","-","-","-","-","-","-","-","-","-","-","-","-"
"2021-12-17","No","-","-","-","100.0%","-","-","-","-","-","-","-","-","-","-","-","-","-","-","-","-","-","-","-","-","-"
"2021-12-16","Yes","-","-","-","100.0%","-","-","-","-","-","-","-","-","-","-","-","-","-","-","-","-","-","-","-","-","-"
"2021-12-15","Yes","-","-","-","-","-","-","-","-","-","-","-","-","-","-","-","-","-","100.0%","-","-","-","-","-","-","-"
"2021-12-14","No","-","-","-","100.0%","-","-","-","-","-","-","-","-","-","-","-","-","-","-","-","-","-","-","-","-","-"
"2021-12-13","Yes","-","-","-","100.0%","-","-","-","-","-","-","-","-","-","-","-","-","-","-","-","-","-","-","-","-","-"
"2021-12-10","Yes","-","100.0%","-","-","-","-","-","-","-","-","-","-","-","-","-","-","-","-","-","-","-","-","-","-","-"
"2021-12-09","Yes","-","-","-","100.0%","-","-","-","-","-","-","-","-","-","-","-","-","-","-","-","-","-","-","-","-","-"
"2021-12-08","Yes","-","-","-","-","-","-","-","-","-","-","-","-","-","-","-","-","-","-","-","-","-","-","100.0%","-","-"
"2021-12-07","No","-","-","-","100.0%","-","-","-","-","-","-","-","-","-","-","-","-","-","-","-","-","-","-","-","-","-"
"2021-12-06","No","-","-","-","100.0%","-","-","-","-","-","-","-","-","-","-","-","-","-","-","-","-","-","-","-","-","-"
"2021-12-03","No","-","-","-","100.0%","-","-","-","-","-","-","-","-","-","-","-","-","-","-","-","-","-","-","-","-","-"
"2021-12-02","No","-","-","-","100.0%","-","-","-","-","-","-","-","-","-","-","-","-","-","-","-","-","-","-","-","-","-"
"2021-12-01","No","-","-","-","100.0%","-","-","-","-","-","-","-","-","-","-","-","-","-","-","-","-","-","-","-","-","-"
"2021-11-30","No","-","-","-","100.0%","-","-","-","-","-","-","-","-","-","-","-","-","-","-","-","-","-","-","-","-","-"
"2021-11-29","No","-","-","-","100.0%","-","-","-","-","-","-","-","-","-","-","-","-","-","-","-","-","-","-","-","-","-"
"2021-11-26","Yes","-","-","-","100.0%","-","-","-","-","-","-","-","-","-","-","-","-","-","-","-","-","-","-","-","-","-"
"2021-11-24","Yes","-","-","-","-","-","-","-","-","-","-","-","-","-","-","-","-","-","-","-","-","-","-","100.0%","-","-"
"2021-11-23","Yes","-","-","-","100.0%","-","-","-","-","-","-","-","-","-","-","-","-","-","-","-","-","-","-","-","-","-"
"2021-11-22","Yes","-","-","-","-","-","-","-","-","-","-","-","100.0%","-","-","-","-","-","-","-","-","-","-","-","-","-"
"2021-11-19","Yes","-","-","-","100.0%","-","-","-","-","-","-","-","-","-","-","-","-","-","-","-","-","-","-","-","-","-"
"2021-11-18","Yes","-","-","-","-","-","-","-","-","-","-","-","-","-","-","-","-","-","100.0%","-","-","-","-","-","-","-"
"2021-11-17","Yes","-","-","-","100.0%","-","-","-","-","-","-","-","-","-","-","-","-","-","-","-","-","-","-","-","-","-"
"2021-11-16","No","-","-","-","-","-","-","-","-","-","-","-","-","-","-","-","-","-","100.0%","-","-","-","-","-","-","-"
"2021-11-15","No","-","-","-","-","-","-","-","-","-","-","-","-","-","-","-","-","-","100.0%","-","-","-","-","-","-","-"
"2021-11-12","Yes","-","-","-","-","-","-","-","-","-","-","-","-","-","-","-","-","-","100.0%","-","-","-","-","-","-","-"
"2021-11-11","Yes","-","-","-","-","-","-","-","-","-","-","-","100.0%","-","-","-","-","-","-","-","-","-","-","-","-","-"
"2021-11-10","Yes","-","-","-","100.0%","-","-","-","-","-","-","-","-","-","-","-","-","-","-","-","-","-","-","-","-","-"
"2021-11-09","Yes","-","-","-","-","-","-","-","-","-","-","-","-","-","-","-","-","-","-","-","-","100.0%","-","-","-","-"
"2021-11-08","Yes","-","100.0%","-","-","-","-","-","-","-","-","-","-","-","-","-","-","-","-","-","-","-","-","-","-","-"
"2021-11-05","No","-","-","-","-","-","-","-","-","-","-","-","-","-","-","-","-","-","-","-","-","100.0%","-","-","-","-"
"2021-11-04","No","-","-","-","-","-","-","-","-","-","-","-","-","-","-","-","-","-","-","-","-","100.0%","-","-","-","-"
"2021-11-03","No","-","-","-","-","-","-","-","-","-","-","-","-","-","-","-","-","-","-","-","-","100.0%","-","-","-","-"
"2021-11-02","Yes","-","-","-","-","-","-","-","-","-","-","-","-","-","-","-","-","-","-","-","-","100.0%","-","-","-","-"
"2021-11-01","Yes","-","-","-","-","-","-","-","-","-","-","-","-","-","-","100.0%","-","-","-","-","-","-","-","-","-","-"
"2021-10-29","No","-","100.0%","-","-","-","-","-","-","-","-","-","-","-","-","-","-","-","-","-","-","-","-","-","-","-"
"2021-10-28","Yes","-","100.0%","-","-","-","-","-","-","-","-","-","-","-","-","-","-","-","-","-","-","-","-","-","-","-"
"2021-10-27","Yes","-","-","-","100.0%","-","-","-","-","-","-","-","-","-","-","-","-","-","-","-","-","-","-","-","-","-"
"2021-10-26","Yes","-","-","-","-","-","-","-","-","-","-","-","-","-","-","-","-","-","-","-","-","100.0%","-","-","-","-"
"2021-10-25","Yes","-","-","-","-","-","-","-","-","-","-","-","-","-","100.0%","-","-","-","-","-","-","-","-","-","-","-"
"2021-10-22","Yes","-","-","-","-","-","-","-","-","-","-","-","-","-","-","-","-","-","-","-","-","-","-","100.0%","-","-"
"2021-10-21","Yes","-","-","-","-","-","-","-","-","-","-","-","-","-","-","-","-","-","100.0%","-","-","-","-","-","-","-"
"2021-10-20","No","-","-","-","-","-","-","-","-","-","-","-","-","-","-","-","-","-","-","-","-","-","-","100.0%","-","-"
"2021-10-19","No","-","-","-","-","-","-","-","-","-","-","-","-","-","-","-","-","-","-","-","-","-","-","100.0%","-","-"
"2021-10-18","No","-","-","-","-","-","-","-","-","-","-","-","-","-","-","-","-","-","-","-","-","-","-","100.0%","-","-"
"2021-10-15","Yes","-","-","-","-","-","-","-","-","-","-","-","-","-","-","-","-","-","-","-","-","-","-","100.0%","-","-"
"2021-10-14","No","-","-","-","100.0%","-","-","-","-","-","-","-","-","-","-","-","-","-","-","-","-","-","-","-","-","-"
"2021-10-13","No","-","-","-","100.0%","-","-","-","-","-","-","-","-","-","-","-","-","-","-","-","-","-","-","-","-","-"
"2021-10-12","Yes","-","-","-","100.0%","-","-","-","-","-","-","-","-","-","-","-","-","-","-","-","-","-","-","-","-","-"
"2021-10-11","Yes","-","-","-","-","-","-","-","-","-","-","-","-","-","-","-","-","-","100.0%","-","-","-","-","-","-","-"
"2021-10-08","No","-","-","-","-","-","-","-","-","-","-","-","-","-","-","100.0%","-","-","-","-","-","-","-","-","-","-"
"2021-10-07","Yes","-","-","-","-","-","-","-","-","-","-","-","-","-","-","100.0%","-","-","-","-","-","-","-","-","-","-"
"2021-10-06","Yes","-","-","-","100.0%","-","-","-","-","-","-","-","-","-","-","-","-","-","-","-","-","-","-","-","-","-"
"2021-10-05","Yes","-","-","-","-","-","-","-","-","-","-","-","-","-","-","-","-","-","100.0%","-","-","-","-","-","-","-"
"2021-10-04","No","-","-","-","100.0%","-","-","-","-","-","-","-","-","-","-","-","-","-","-","-","-","-","-","-","-","-"
"2021-10-01","Yes","-","-","-","100.0%","-","-","-","-","-","-","-","-","-","-","-","-","-","-","-","-","-","-","-","-","-"
"2021-09-30","Yes","-","-","-","-","-","-","-","-","-","-","-","-","-","100.0%","-","-","-","-","-","-","-","-","-","-","-"
"2021-09-29","No","-","-","-","-","-","-","-","-","-","-","-","-","-","-","-","-","100.0%","-","-","-","-","-","-","-","-"
"2021-09-28","Yes","-","-","-","-","-","-","-","-","-","-","-","-","-","-","-","-","100.0%","-","-","-","-","-","-","-","-"
"2021-09-27","No","-","-","-","-","-","-","-","-","-","-","-","-","-","-","-","100.0%","-","-","-","-","-","-","-","-","-"
"2021-09-24","Yes","-","-","-","-","-","-","-","-","-","-","-","-","-","-","-","100.0%","-","-","-","-","-","-","-","-","-"
"2021-09-23","Yes","-","-","-","-","-","-","-","-","-","-","-","100.0%","-","-","-","-","-","-","-","-","-","-","-","-","-"
"2021-09-22","No","-","-","-","100.0%","-","-","-","-","-","-","-","-","-","-","-","-","-","-","-","-","-","-","-","-","-"
"2021-09-21","Yes","-","-","-","100.0%","-","-","-","-","-","-","-","-","-","-","-","-","-","-","-","-","-","-","-","-","-"
"2021-09-20","Yes","-","-","-","-","-","-","-","-","-","-","-","-","-","100.0%","-","-","-","-","-","-","-","-","-","-","-"
"2021-09-17","Yes","-","-","-","-","-","-","-","-","-","-","-","-","-","-","-","100.0%","-","-","-","-","-","-","-","-","-"
"2021-09-16","Yes","-","-","-","-","-","-","-","-","-","-","-","-","-","-","-","-","-","100.0%","-","-","-","-","-","-","-"
"2021-09-15","No","-","-","-","100.0%","-","-","-","-","-","-","-","-","-","-","-","-","-","-","-","-","-","-","-","-","-"
"2021-09-14","Yes","-","-","-","100.0%","-","-","-","-","-","-","-","-","-","-","-","-","-","-","-","-","-","-","-","-","-"
"2021-09-13","Yes","-","-","-","-","-","-","-","-","-","-","-","-","-","-","-","-","-","100.0%","-","-","-","-","-","-","-"
"2021-09-10","Yes","-","-","-","-","-","-","-","100.0%","-","-","-","-","-","-","-","-","-","-","-","-","-","-","-","-","-"
"2021-09-09","No","-","-","-","100.0%","-","-","-","-","-","-","-","-","-","-","-","-","-","-","-","-","-","-","-","-","-"
"2021-09-08","No","-","-","-","100.0%","-","-","-","-","-","-","-","-","-","-","-","-","-","-","-","-","-","-","-","-","-"
"2021-09-07","No","-","-","-","100.0%","-","-","-","-","-","-","-","-","-","-","-","-","-","-","-","-","-","-","-","-","-"
"2021-09-03","Yes","-","-","-","100.0%","-","-","-","-","-","-","-","-","-","-","-","-","-","-","-","-","-","-","-","-","-"
"2021-09-02","Yes","-","-","-","-","-","-","-","-","-","-","-","-","-","-","-","-","-","-","-","-","-","-","100.0%","-","-"
"2021-09-01","No","-","-","-","100.0%","-","-","-","-","-","-","-","-","-","-","-","-","-","-","-","-","-","-","-","-","-"
"2021-08-31","No","-","-","-","100.0%","-","-","-","-","-","-","-","-","-","-","-","-","-","-","-","-","-","-","-","-","-"
"2021-08-30","Yes","-","-","-","100.0%","-","-","-","-","-","-","-","-","-","-","-","-","-","-","-","-","-","-","-","-","-"
"2021-08-27","Yes","-","-","-","-","-","-","-","-","-","-","-","-","-","-","-","-","-","100.0%","-","-","-","-","-","-","-"
"2021-08-26","No","-","-","-","-","-","-","-","-","-","-","-","-","-","-","-","-","-","-","-","-","-","-","100.0%","-","-"
"2021-08-25","Yes","-","-","-","-","-","-","-","-","-","-","-","-","-","-","-","-","-","-","-","-","-","-","100.0%","-","-"
"2021-08-24","No","-","-","-","100.0%","-","-","-","-","-","-","-","-","-","-","-","-","-","-","-","-","-","-","-","-","-"
"2021-08-23","Yes","-","-","-","100.0%","-","-","-","-","-","-","-","-","-","-","-","-","-","-","-","-","-","-","-","-","-"
"2021-08-20","Yes","-","-","-","-","-","-","-","-","-","-","-","-","-","-","-","-","-","-","-","-","-","100.0%","-","-","-"
"2021-08-19","No","-","-","-","100.0%","-","-","-","-","-","-","-","-","-","-","-","-","-","-","-","-","-","-","-","-","-"
"2021-08-18","No","-","-","-","100.0%","-","-","-","-","-","-","-","-","-","-","-","-","-","-","-","-","-","-","-","-","-"
"2021-08-17","Yes","-","-","-","100.0%","-","-","-","-","-","-","-","-","-","-","-","-","-","-","-","-","-","-","-","-","-"
"2021-08-16","Yes","-","-","-","-","-","-","-","-","-","-","-","-","-","-","-","-","-","-","-","-","100.0%","-","-","-","-"
"2021-08-13","Yes","-","-","-","-","-","-","-","-","-","-","-","-","-","-","100.0%","-","-","-","-","-","-","-","-","-","-"
"2021-08-12","No","-","-","-","100.0%","-","-","-","-","-","-","-","-","-","-","-","-","-","-","-","-","-","-","-","-","-"
"2021-08-11","Yes","-","-","-","100.0%","-","-","-","-","-","-","-","-","-","-","-","-","-","-","-","-","-","-","-","-","-"
"2021-08-10","No","-","-","-","-","-","-","-","-","-","100.0%","-","-","-","-","-","-","-","-","-","-","-","-","-","-","-"
"2021-08-09","No","-","-","-","-","-","-","-","-","-","100.0%","-","-","-","-","-","-","-","-","-","-","-","-","-","-","-"
"2021-08-06","Yes","-","-","-","-","-","-","-","-","-","100.0%","-","-","-","-","-","-","-","-","-","-","-","-","-","-","-"
"2021-08-05","No","-","-","-","100.0%","-","-","-","-","-","-","-","-","-","-","-","-","-","-","-","-","-","-","-","-","-"
"2021-08-04","No","-","-","-","100.0%","-","-","-","-","-","-","-","-","-","-","-","-","-","-","-","-","-","-","-","-","-"
"2021-08-03","No","-","-","-","100.0%","-","-","-","-","-","-","-","-","-","-","-","-","-","-","-","-","-","-","-","-","-"
"2021-08-02","No","-","-","-","100.0%","-","-","-","-","-","-","-","-","-","-","-","-","-","-","-","-","-","-","-","-","-"
"2021-07-30","Yes","-","-","-","100.0%","-","-","-","-","-","-","-","-","-","-","-","-","-","-","-","-","-","-","-","-","-"
"2021-07-29","Yes","-","-","-","-","-","-","-","100.0%","-","-","-","-","-","-","-","-","-","-","-","-","-","-","-","-","-"
"2021-07-28","No","-","-","-","100.0%","-","-","-","-","-","-","-","-","-","-","-","-","-","-","-","-","-","-","-","-","-"
"2021-07-27","Yes","-","-","-","100.0%","-","-","-","-","-","-","-","-","-","-","-","-","-","-","-","-","-","-","-","-","-"
"2021-07-26","Yes","-","-","-","-","-","-","-","100.0%","-","-","-","-","-","-","-","-","-","-","-","-","-","-","-","-","-"
"2021-07-23","No","-","-","-","100.0%","-","-","-","-","-","-","-","-","-","-","-","-","-","-","-","-","-","-","-","-","-"
"2021-07-22","No","-","-","-","100.0%","-","-","-","-","-","-","-","-","-","-","-","-","-","-","-","-","-","-","-","-","-"
"2021-07-21","No","-","-","-","100.0%","-","-","-","-","-","-","-","-","-","-","-","-","-","-","-","-","-","-","-","-","-"
"2021-07-20","No","-","-","-","100.0%","-","-","-","-","-","-","-","-","-","-","-","-","-","-","-","-","-","-","-","-","-"
"2021-07-19","No","-","-","-","100.0%","-","-","-","-","-","-","-","-","-","-","-","-","-","-","-","-","-","-","-","-","-"
"2021-07-16","No","-","-","-","100.0%","-","-","-","-","-","-","-","-","-","-","-","-","-","-","-","-","-","-","-","-","-"
"2021-07-15","No","-","-","-","100.0%","-","-","-","-","-","-","-","-","-","-","-","-","-","-","-","-","-","-","-","-","-"
"2021-07-14","No","-","-","-","100.0%","-","-","-","-","-","-","-","-","-","-","-","-","-","-","-","-","-","-","-","-","-"
"2021-07-13","No","-","-","-","100.0%","-","-","-","-","-","-","-","-","-","-","-","-","-","-","-","-","-","-","-","-","-"
"2021-07-12","No","-","-","-","100.0%","-","-","-","-","-","-","-","-","-","-","-","-","-","-","-","-","-","-","-","-","-"
"2021-07-09","No","-","-","-","100.0%","-","-","-","-","-","-","-","-","-","-","-","-","-","-","-","-","-","-","-","-","-"
"2021-07-08","Yes","-","-","-","100.0%","-","-","-","-","-","-","-","-","-","-","-","-","-","-","-","-","-","-","-","-","-"
"2021-07-07","No","-","-","-","-","-","-","-","-","-","-","-","-","-","-","-","-","-","-","-","-","100.0%","-","-","-","-"
"2021-07-06","No","-","-","-","-","-","-","-","-","-","-","-","-","-","-","-","-","-","-","-","-","100.0%","-","-","-","-"
"2021-07-02","Yes","-","-","-","-","-","-","-","-","-","-","-","-","-","-","-","-","-","-","-","-","100.0%","-","-","-","-"
"2021-07-01","Yes","-","-","-","-","100.0%","-","-","-","-","-","-","-","-","-","-","-","-","-","-","-","-","-","-","-","-"
"2021-06-30","No","-","-","-","100.0%","-","-","-","-","-","-","-","-","-","-","-","-","-","-","-","-","-","-","-","-","-"
"2021-06-29","No","-","-","-","100.0%","-","-","-","-","-","-","-","-","-","-","-","-","-","-","-","-","-","-","-","-","-"
"2021-06-28","Yes","-","-","-","100.0%","-","-","-","-","-","-","-","-","-","-","-","-","-","-","-","-","-","-","-","-","-"
"2021-06-25","No","-","-","-","-","100.0%","-","-","-","-","-","-","-","-","-","-","-","-","-","-","-","-","-","-","-","-"
"2021-06-24","Yes","-","-","-","-","100.0%","-","-","-","-","-","-","-","-","-","-","-","-","-","-","-","-","-","-","-","-"
"2021-06-23","No","-","-","-","100.0%","-","-","-","-","-","-","-","-","-","-","-","-","-","-","-","-","-","-","-","-","-"
"2021-06-22","No","-","-","-","100.0%","-","-","-","-","-","-","-","-","-","-","-","-","-","-","-","-","-","-","-","-","-"
"2021-06-21","No","-","-","-","100.0%","-","-","-","-","-","-","-","-","-","-","-","-","-","-","-","-","-","-","-","-","-"
"2021-06-18","No","-","-","-","100.0%","-","-","-","-","-","-","-","-","-","-","-","-","-","-","-","-","-","-","-","-","-"
"2021-06-17","Yes","-","-","-","100.0%","-","-","-","-","-","-","-","-","-","-","-","-","-","-","-","-","-","-","-","-","-"
"2021-06-16","Yes","-","-","-","-","100.0%","-","-","-","-","-","-","-","-","-","-","-","-","-","-","-","-","-","-","-","-"
"2021-06-15","Yes","-","-","-","100.0%","-","-","-","-","-","-","-","-","-","-","-","-","-","-","-","-","-","-","-","-","-"
"2021-06-14","Yes","-","-","-","-","-","-","-","-","-","-","-","-","-","-","-","-","-","-","100.0%","-","-","-","-","-","-"
"2021-06-11","No","-","-","-","100.0%","-","-","-","-","-","-","-","-","-","-","-","-","-","-","-","-","-","-","-","-","-"
"2021-06-10","No","-","-","-","100.0%","-","-","-","-","-","-","-","-","-","-","-","-","-","-","-","-","-","-","-","-","-"
"2021-06-09","No","-","-","-","100.0%","-","-","-","-","-","-","-","-","-","-","-","-","-","-","-","-","-","-","-","-","-"
"2021-06-08","No","-","-","-","100.0%","-","-","-","-","-","-","-","-","-","-","-","-","-","-","-","-","-","-","-","-","-"
"2021-06-07","No","-","-","-","100.0%","-","-","-","-","-","-","-","-","-","-","-","-","-","-","-","-","-","-","-","-","-"
"2021-06-04","No","-","-","-","100.0%","-","-","-","-","-","-","-","-","-","-","-","-","-","-","-","-","-","-","-","-","-"
"2021-06-03","No","-","-","-","100.0%","-","-","-","-","-","-","-","-","-","-","-","-","-","-","-","-","-","-","-","-","-"
"2021-06-02","No","-","-","-","100.0%","-","-","-","-","-","-","-","-","-","-","-","-","-","-","-","-","-","-","-","-","-"
"2021-06-01","Yes","-","-","-","100.0%","-","-","-","-","-","-","-","-","-","-","-","-","-","-","-","-","-","-","-","-","-"
"2021-05-28","No","-","-","-","-","100.0%","-","-","-","-","-","-","-","-","-","-","-","-","-","-","-","-","-","-","-","-"
"2021-05-27","Yes","-","-","-","-","100.0%","-","-","-","-","-","-","-","-","-","-","-","-","-","-","-","-","-","-","-","-"
"2021-05-26","No","-","-","-","100.0%","-","-","-","-","-","-","-","-","-","-","-","-","-","-","-","-","-","-","-","-","-"
"2021-05-25","No","-","-","-","100.0%","-","-","-","-","-","-","-","-","-","-","-","-","-","-","-","-","-","-","-","-","-"
"2021-05-24","No","-","-","-","100.0%","-","-","-","-","-","-","-","-","-","-","-","-","-","-","-","-","-","-","-","-","-"
"2021-05-21","No","-","-","-","100.0%","-","-","-","-","-","-","-","-","-","-","-","-","-","-","-","-","-","-","-","-","-"
"2021-05-20","No","-","-","-","100.0%","-","-","-","-","-","-","-","-","-","-","-","-","-","-","-","-","-","-","-","-","-"
"2021-05-19","No","-","-","-","100.0%","-","-","-","-","-","-","-","-","-","-","-","-","-","-","-","-","-","-","-","-","-"
"2021-05-18","No","-","-","-","100.0%","-","-","-","-","-","-","-","-","-","-","-","-","-","-","-","-","-","-","-","-","-"
"2021-05-17","No","-","-","-","100.0%","-","-","-","-","-","-","-","-","-","-","-","-","-","-","-","-","-","-","-","-","-"
"2021-05-14","No","-","-","-","100.0%","-","-","-","-","-","-","-","-","-","-","-","-","-","-","-","-","-","-","-","-","-"
"2021-05-13","Yes","-","-","-","100.0%","-","-","-","-","-","-","-","-","-","-","-","-","-","-","-","-","-","-","-","-","-"
"2021-05-12","Yes","-","-","-","-","-","-","-","-","-","-","-","-","-","100.0%","-","-","-","-","-","-","-","-","-","-","-"
"2021-05-11","No","-","-","-","100.0%","-","-","-","-","-","-","-","-","-","-","-","-","-","-","-","-","-","-","-","-","-"
"2021-05-10","No","-","-","-","100.0%","-","-","-","-","-","-","-","-","-","-","-","-","-","-","-","-","-","-","-","-","-"
"2021-05-07","No","-","-","-","100.0%","-","-","-","-","-","-","-","-","-","-","-","-","-","-","-","-","-","-","-","-","-"
"2021-05-06","No","-","-","-","100.0%","-","-","-","-","-","-","-","-","-","-","-","-","-","-","-","-","-","-","-","-","-"
"2021-05-05","No","-","-","-","100.0%","-","-","-","-","-","-","-","-","-","-","-","-","-","-","-","-","-","-","-","-","-"
"2021-05-04","Yes","-","-","-","100.0%","-","-","-","-","-","-","-","-","-","-","-","-","-","-","-","-","-","-","-","-","-"
"2021-05-03","No","-","-","-","-","-","-","-","-","-","-","-","-","-","-","-","-","-","100.0%","-","-","-","-","-","-","-"
"2021-04-30","Yes","-","-","-","-","-","-","-","-","-","-","-","-","-","-","-","-","-","100.0%","-","-","-","-","-","-","-"
"2021-04-29","Yes","-","-","-","-","100.0%","-","-","-","-","-","-","-","-","-","-","-","-","-","-","-","-","-","-","-","-"
"2021-04-28","Yes","-","-","-","100.0%","-","-","-","-","-","-","-","-","-","-","-","-","-","-","-","-","-","-","-","-","-"
"2021-04-27","Yes","-","-","-","-","100.0%","-","-","-","-","-","-","-","-","-","-","-","-","-","-","-","-","-","-","-","-"
"2021-04-26","No","-","-","-","100.0%","-","-","-","-","-","-","-","-","-","-","-","-","-","-","-","-","-","-","-","-","-"
"2021-04-23","No","-","-","-","100.0%","-","-","-","-","-","-","-","-","-","-","-","-","-","-","-","-","-","-","-","-","-"
"2021-04-22","No","-","-","-","100.0%","-","-","-","-","-","-","-","-","-","-","-","-","-","-","-","-","-","-","-","-","-"
"2021-04-21","No","-","-","-","100.0%","-","-","-","-","-","-","-","-","-","-","-","-","-","-","-","-","-","-","-","-","-"
"2021-04-20","No","-","-","-","100.0%","-","-","-","-","-","-","-","-","-","-","-","-","-","-","-","-","-","-","-","-","-"
"2021-04-19","Yes","-","-","-","100.0%","-","-","-","-","-","-","-","-","-","-","-","-","-","-","-","-","-","-","-","-","-"
"2021-04-16","No","-","-","-","-","-","-","-","-","-","-","-","-","-","-","-","-","-","-","-","-","100.0%","-","-","-","-"
"2021-04-15","No","-","-","-","-","-","-","-","-","-","-","-","-","-","-","-","-","-","-","-","-","100.0%","-","-","-","-"
"2021-04-14","Yes","-","-","-","-","-","-","-","-","-","-","-","-","-","-","-","-","-","-","-","-","100.0%","-","-","-","-"
"2021-04-13","No","-","-","-","-","-","-","-","-","-","-","-","-","-","-","-","-","-","-","100.0%","-","-","-","-","-","-"
"2021-04-12","Yes","-","-","-","-","-","-","-","-","-","-","-","-","-","-","-","-","-","-","100.0%","-","-","-","-","-","-"
"2021-04-09","No","-","-","-","-","-","-","-","-","-","-","-","-","-","-","-","-","-","-","-","-","100.0%","-","-","-","-"
"2021-04-08","No","-","-","-","-","-","-","-","-","-","-","-","-","-","-","-","-","-","-","-","-","100.0%","-","-","-","-"
"2021-04-07","No","-","-","-","-","-","-","-","-","-","-","-","-","-","-","-","-","-","-","-","-","100.0%","-","-","-","-"
"2021-04-06","Yes","-","-","-","-","-","-","-","-","-","-","-","-","-","-","-","-","-","-","-","-","100.0%","-","-","-","-"
"2021-04-05","No","100.0%","-","-","-","-","-","-","-","-","-","-","-","-","-","-","-","-","-","-","-","-","-","-","-","-"
"2021-04-01","Yes","100.0%","-","-","-","-","-","-","-","-","-","-","-","-","-","-","-","-","-","-","-","-","-","-","-","-"
"2021-03-31","No","-","-","-","100.0%","-","-","-","-","-","-","-","-","-","-","-","-","-","-","-","-","-","-","-","-","-"
"2021-03-30","No","-","-","-","100.0%","-","-","-","-","-","-","-","-","-","-","-","-","-","-","-","-","-","-","-","-","-"
"2021-03-29","No","-","-","-","100.0%","-","-","-","-","-","-","-","-","-","-","-","-","-","-","-","-","-","-","-","-","-"
"2021-03-26","No","-","-","-","100.0%","-","-","-","-","-","-","-","-","-","-","-","-","-","-","-","-","-","-","-","-","-"
"2021-03-25","No","-","-","-","100.0%","-","-","-","-","-","-","-","-","-","-","-","-","-","-","-","-","-","-","-","-","-"
"2021-03-24","No","-","-","-","100.0%","-","-","-","-","-","-","-","-","-","-","-","-","-","-","-","-","-","-","-","-","-"
"2021-03-23","No","-","-","-","100.0%","-","-","-","-","-","-","-","-","-","-","-","-","-","-","-","-","-","-","-","-","-"
"2021-03-22","No","-","-","-","100.0%","-","-","-","-","-","-","-","-","-","-","-","-","-","-","-","-","-","-","-","-","-"
"2021-03-19","No","-","-","-","100.0%","-","-","-","-","-","-","-","-","-","-","-","-","-","-","-","-","-","-","-","-","-"
"2021-03-18","No","-","-","-","100.0%","-","-","-","-","-","-","-","-","-","-","-","-","-","-","-","-","-","-","-","-","-"
"2021-03-17","No","-","-","-","100.0%","-","-","-","-","-","-","-","-","-","-","-","-","-","-","-","-","-","-","-","-","-"
"2021-03-16","No","-","-","-","100.0%","-","-","-","-","-","-","-","-","-","-","-","-","-","-","-","-","-","-","-","-","-"
"2021-03-15","No","-","-","-","100.0%","-","-","-","-","-","-","-","-","-","-","-","-","-","-","-","-","-","-","-","-","-"
"2021-03-12","No","-","-","-","100.0%","-","-","-","-","-","-","-","-","-","-","-","-","-","-","-","-","-","-","-","-","-"
"2021-03-11","No","-","-","-","100.0%","-","-","-","-","-","-","-","-","-","-","-","-","-","-","-","-","-","-","-","-","-"
"2021-03-10","Yes","-","-","-","100.0%","-","-","-","-","-","-","-","-","-","-","-","-","-","-","-","-","-","-","-","-","-"
"2021-03-09","Yes","-","-","-","-","-","-","-","-","-","-","-","-","-","-","-","-","-","-","-","-","100.0%","-","-","-","-"
"2021-03-08","No","-","-","-","100.0%","-","-","-","-","-","-","-","-","-","-","-","-","-","-","-","-","-","-","-","-","-"
"2021-03-05","No","-","-","-","100.0%","-","-","-","-","-","-","-","-","-","-","-","-","-","-","-","-","-","-","-","-","-"
"2021-03-04","No","-","-","-","100.0%","-","-","-","-","-","-","-","-","-","-","-","-","-","-","-","-","-","-","-","-","-"
"2021-03-03","No","-","-","-","100.0%","-","-","-","-","-","-","-","-","-","-","-","-","-","-","-","-","-","-","-","-","-"
"2021-03-02","Yes","-","-","-","100.0%","-","-","-","-","-","-","-","-","-","-","-","-","-","-","-","-","-","-","-","-","-"
"2021-03-01","Yes","100.0%","-","-","-","-","-","-","-","-","-","-","-","-","-","-","-","-","-","-","-","-","-","-","-","-"
"2021-02-26","No","-","-","-","100.0%","-","-","-","-","-","-","-","-","-","-","-","-","-","-","-","-","-","-","-","-","-"
"2021-02-25","No","-","-","-","100.0%","-","-","-","-","-","-","-","-","-","-","-","-","-","-","-","-","-","-","-","-","-"
"2021-02-24","No","-","-","-","100.0%","-","-","-","-","-","-","-","-","-","-","-","-","-","-","-","-","-","-","-","-","-"
"2021-02-23","No","-","-","-","100.0%","-","-","-","-","-","-","-","-","-","-","-","-","-","-","-","-","-","-","-","-","-"
"2021-02-22","Yes","-","-","-","100.0%","-","-","-","-","-","-","-","-","-","-","-","-","-","-","-","-","-","-","-","-","-"
"2021-02-19","No","100.0%","-","-","-","-","-","-","-","-","-","-","-","-","-","-","-","-","-","-","-","-","-","-","-","-"
"2021-02-18","No","100.0%","-","-","-","-","-","-","-","-","-","-","-","-","-","-","-","-","-","-","-","-","-","-","-","-"
"2021-02-17","No","100.0%","-","-","-","-","-","-","-","-","-","-","-","-","-","-","-","-","-","-","-","-","-","-","-","-"
"2021-02-16","No","100.0%","-","-","-","-","-","-","-","-","-","-","-","-","-","-","-","-","-","-","-","-","-","-","-","-"
"2021-02-12","No","100.0%","-","-","-","-","-","-","-","-","-","-","-","-","-","-","-","-","-","-","-","-","-","-","-","-"
"2021-02-11","Yes","100.0%","-","-","-","-","-","-","-","-","-","-","-","-","-","-","-","-","-","-","-","-","-","-","-","-"
"2021-02-10","Yes","-","-","-","100.0%","-","-","-","-","-","-","-","-","-","-","-","-","-","-","-","-","-","-","-","-","-"
"2021-02-09","No","100.0%","-","-","-","-","-","-","-","-","-","-","-","-","-","-","-","-","-","-","-","-","-","-","-","-"
"2021-02-08","No","100.0%","-","-","-","-","-","-","-","-","-","-","-","-","-","-","-","-","-","-","-","-","-","-","-","-"
"2021-02-05","No","100.0%","-","-","-","-","-","-","-","-","-","-","-","-","-","-","-","-","-","-","-","-","-","-","-","-"
"2021-02-04","No","100.0%","-","-","-","-","-","-","-","-","-","-","-","-","-","-","-","-","-","-","-","-","-","-","-","-"
"2021-02-03","Yes","100.0%","-","-","-","-","-","-","-","-","-","-","-","-","-","-","-","-","-","-","-","-","-","-","-","-"
"2021-02-02","Yes","-","-","-","100.0%","-","-","-","-","-","-","-","-","-","-","-","-","-","-","-","-","-","-","-","-","-"
"2021-02-01","Yes","100.0%","-","-","-","-","-","-","-","-","-","-","-","-","-","-","-","-","-","-","-","-","-","-","-","-"
"2021-01-29","Yes","-","-","-","100.0%","-","-","-","-","-","-","-","-","-","-","-","-","-","-","-","-","-","-","-","-","-"
"2021-01-28","Yes","100.0%","-","-","-","-","-","-","-","-","-","-","-","-","-","-","-","-","-","-","-","-","-","-","-","-"
"2021-01-27","No","-","-","-","100.0%","-","-","-","-","-","-","-","-","-","-","-","-","-","-","-","-","-","-","-","-","-"
"2021-01-26","No","-","-","-","100.0%","-","-","-","-","-","-","-","-","-","-","-","-","-","-","-","-","-","-","-","-","-"
"2021-01-25","No","-","-","-","100.0%","-","-","-","-","-","-","-","-","-","-","-","-","-","-","-","-","-","-","-","-","-"
"2021-01-22","Yes","-","-","-","100.0%","-","-","-","-","-","-","-","-","-","-","-","-","-","-","-","-","-","-","-","-","-"
"2021-01-21","No","100.0%","-","-","-","-","-","-","-","-","-","-","-","-","-","-","-","-","-","-","-","-","-","-","-","-"
"2021-01-20","No","100.0%","-","-","-","-","-","-","-","-","-","-","-","-","-","-","-","-","-","-","-","-","-","-","-","-"
"2021-01-19","No","100.0%","-","-","-","-","-","-","-","-","-","-","-","-","-","-","-","-","-","-","-","-","-","-","-","-"
"2021-01-15","No","100.0%","-","-","-","-","-","-","-","-","-","-","-","-","-","-","-","-","-","-","-","-","-","-","-","-"
"2021-01-14","No","100.0%","-","-","-","-","-","-","-","-","-","-","-","-","-","-","-","-","-","-","-","-","-","-","-","-"
"2021-01-13","No","100.0%","-","-","-","-","-","-","-","-","-","-","-","-","-","-","-","-","-","-","-","-","-","-","-","-"
"2021-01-12","No","100.0%","-","-","-","-","-","-","-","-","-","-","-","-","-","-","-","-","-","-","-","-","-","-","-","-"
"2021-01-11","No","100.0%","-","-","-","-","-","-","-","-","-","-","-","-","-","-","-","-","-","-","-","-","-","-","-","-"
"2021-01-08","No","100.0%","-","-","-","-","-","-","-","-","-","-","-","-","-","-","-","-","-","-","-","-","-","-","-","-"
"2021-01-07","No","100.0%","-","-","-","-","-","-","-","-","-","-","-","-","-","-","-","-","-","-","-","-","-","-","-","-"
"2021-01-06","Yes","100.0%","-","-","-","-","-","-","-","-","-","-","-","-","-","-","-","-","-","-","-","-","-","-","-","-"
"2021-01-05","No","-","-","-","100.0%","-","-","-","-","-","-","-","-","-","-","-","-","-","-","-","-","-","-","-","-","-"
"2021-01-04","Yes","-","-","-","100.0%","-","-","-","-","-","-","-","-","-","-","-","-","-","-","-","-","-","-","-","-","-"
"2020-12-31","Yes","-","-","-","-","-","-","-","-","-","-","-","-","-","-","-","-","-","-","-","-","100.0%","-","-","-","-"
"2020-12-30","Yes","-","-","-","100.0%","-","-","-","-","-","-","-","-","-","-","-","-","-","-","-","-","-","-","-","-","-"
"2020-12-29","No","100.0%","-","-","-","-","-","-","-","-","-","-","-","-","-","-","-","-","-","-","-","-","-","-","-","-"
"2020-12-28","No","100.0%","-","-","-","-","-","-","-","-","-","-","-","-","-","-","-","-","-","-","-","-","-","-","-","-"
"2020-12-24","Yes","100.0%","-","-","-","-","-","-","-","-","-","-","-","-","-","-","-","-","-","-","-","-","-","-","-","-"
"2020-12-23","No","-","-","-","100.0%","-","-","-","-","-","-","-","-","-","-","-","-","-","-","-","-","-","-","-","-","-"
"2020-12-22","Yes","-","-","-","100.0%","-","-","-","-","-","-","-","-","-","-","-","-","-","-","-","-","-","-","-","-","-"
"2020-12-21","No","100.0%","-","-","-","-","-","-","-","-","-","-","-","-","-","-","-","-","-","-","-","-","-","-","-","-"
"2020-12-18","No","100.0%","-","-","-","-","-","-","-","-","-","-","-","-","-","-","-","-","-","-","-","-","-","-","-","-"
"2020-12-17","No","100.0%","-","-","-","-","-","-","-","-","-","-","-","-","-","-","-","-","-","-","-","-","-","-","-","-"
"2020-12-16","Yes","100.0%","-","-","-","-","-","-","-","-","-","-","-","-","-","-","-","-","-","-","-","-","-","-","-","-"
"2020-12-15","No","-","-","-","100.0%","-","-","-","-","-","-","-","-","-","-","-","-","-","-","-","-","-","-","-","-","-"
"2020-12-14","No","-","-","-","100.0%","-","-","-","-","-","-","-","-","-","-","-","-","-","-","-","-","-","-","-","-","-"
"2020-12-11","No","-","-","-","100.0%","-","-","-","-","-","-","-","-","-","-","-","-","-","-","-","-","-","-","-","-","-"
"2020-12-10","No","-","-","-","100.0%","-","-","-","-","-","-","-","-","-","-","-","-","-","-","-","-","-","-","-","-","-"
"2020-12-09","Yes","-","-","-","100.0%","-","-","-","-","-","-","-","-","-","-","-","-","-","-","-","-","-","-","-","-","-"
"2020-12-08","Yes","-","-","-","-","-","-","-","-","-","-","-","-","-","-","-","-","-","-","-","-","100.0%","-","-","-","-"
"2020-12-07","Yes","-","-","-","100.0%","-","-","-","-","-","-","-","-","-","-","-","-","-","-","-","-","-","-","-","-","-"
"2020-12-04","No","100.0%","-","-","-","-","-","-","-","-","-","-","-","-","-","-","-","-","-","-","-","-","-","-","-","-"
"2020-12-03","No","100.0%","-","-","-","-","-","-","-","-","-","-","-","-","-","-","-","-","-","-","-","-","-","-","-","-"
"2020-12-02","Yes","100.0%","-","-","-","-","-","-","-","-","-","-","-","-","-","-","-","-","-","-","-","-","-","-","-","-"
"2020-12-01","Yes","-","-","-","100.0%","-","-","-","-","-","-","-","-","-","-","-","-","-","-","-","-","-","-","-","-","-"